company_name,department,employment_type,experience_level,job_description,job_title,job_url,location,posted_date,required_skills,salary
Stripe,Infrastructure & Corporate Tech,Intern,Not specified,Help increase the GDP of the internet as part of our Infrastructure & Corporate Tech team.,Backend Engineer Core Technology,https://stripe.com/jobs/listing/backend-engineer-core-technology/6623777,Bucharest,2026-03-20,Unknown,Not specified
Stripe,Infrastructure & Corporate Tech,Intern,Not specified,Help increase the GDP of the internet as part of our Infrastructure & Corporate Tech team.,Backend Engineer Core Technology,https://stripe.com/jobs/listing/backend-engineer-core-technology/7182617,Dublin HQ,2026-03-20,Unknown,€85 000 - €159 600.
Stripe,Platform,Intern,Not specified,Help increase the GDP of the internet as part of our Platform team.,Backend Engineer Developer Experience & Product Platform,https://stripe.com/jobs/listing/backend-engineer-developer-experience-product-platform/7292520,Toronto,2026-03-20,Unknown,$135 200
Stripe,Risk & Financial Crimes,Intern,Not specified,Help increase the GDP of the internet as part of our Risk & Financial Crimes team.,Backend Engineer/API Payments and Risk,https://stripe.com/jobs/listing/backend-engineer-api-payments-and-risk/6692166,Seattle,2026-03-20,Unknown,$190 400 - $285 600.
company_name,department,employment_type,experience_level,job_description,job_title,job_url,location,posted_date,required_skills,salary
Stripe,Marketing,Intern,Not specified,Help increase the GDP of the internet as part of our Marketing team.,APAC Partner Marketing Lead,https://stripe.com/jobs/listing/apac-partner-marketing-lead/7454473,Sydney,2026-03-20,Unknown,$181 100
Stripe,Infrastructure & Corporate Tech,Intern,Not specified,Help increase the GDP of the internet as part of our Infrastructure & Corporate Tech team.,Backend Engineer Core Technology,https://stripe.com/jobs/listing/backend-engineer-core-technology/6623777,Bucharest,2026-03-20,Unknown,Not specified
Stripe,Infrastructure & Corporate Tech,Intern,Not specified,Help increase the GDP of the internet as part of our Infrastructure & Corporate Tech team.,Backend Engineer Core Technology,https://stripe.com/jobs/listing/backend-engineer-core-technology/7182617,Dublin HQ,2026-03-20,Unknown,€85 000 - €159 600.
Stripe,Infrastructure & Corporate Tech,Intern,Not specified,Help increase the GDP of the internet as part of our Infrastructure & Corporate Tech team.,AV Builds and Operations,https://stripe.com/jobs/listing/av-builds-and-operations/7657130,London,2026-03-20,Unknown,£58 400 - £87 600.
Stripe,Sales,Contract,Not specified,Help increase the GDP of the internet as part of our Sales team.,Account Executive Mid-Market - Existing Business,https://stripe.com/jobs/listing/account-executive-mid-market-existing-business/7483552,Dublin HQ,2026-03-20,Unknown,€133 300 - €199 900.
Stripe,Platform,Intern,Not specified,Help increase the GDP of the internet as part of our Platform team.,Backend Engineer Developer Experience & Product Platform,https://stripe.com/jobs/listing/backend-engineer-developer-experience-product-platform/7292520,Toronto,2026-03-20,Unknown,$135 200
Stripe,Risk & Financial Crimes,Intern,Not specified,Help increase the GDP of the internet as part of our Risk & Financial Crimes team.,Backend Engineer/API Payments and Risk,https://stripe.com/jobs/listing/backend-engineer-api-payments-and-risk/6692166,Seattle,2026-03-20,Unknown,$190 400 - $285 600.
Stripe,Sales,Intern,Not specified,Help increase the GDP of the internet as part of our Sales team.,Account Executive Enterprise (Sao Paulo Brazil),https://stripe.com/jobs/listing/account-executive-enterprise-sao-paulo-brazil/7108249,São Paulo,2026-03-20,Unknown,Not specified
Stripe,Payments,Intern,Not specified,Help increase the GDP of the internet as part of our Payments team.,Backend Engineer Payments and Risk,https://stripe.com/jobs/listing/backend-engineer-payments-and-risk/7232592,South San Francisco HQ New York or Seattle,2026-03-20,Unknown,$155 700 - $285 600.
Stripe,Sales,Intern,Not specified,Help increase the GDP of the internet as part of our Sales team.,Account Executive Marketplace,https://stripe.com/jobs/listing/account-executive-marketplace/7542218,London,2026-03-20,Unknown,£200 000 - £300 000.
Stripe,Controllership,Contract,Not specified,Help increase the GDP of the internet as part of our Controllership team.,Accounts Receivable Manager,https://stripe.com/jobs/listing/accounts-receivable-manager/7118945,Bengaluru,2026-03-20,Unknown,Not specified
Stripe,Sales,Intern,Not specified,Help increase the GDP of the internet as part of our Sales team.,Account Executive Startup Platforms (Existing Business),https://stripe.com/jobs/listing/account-executive-startup-platforms-existing-business/7339700,South San Francisco HQ,2026-03-20,Unknown,$163 600 - $245 400.
Stripe,Sales,Intern,Not specified,Help increase the GDP of the internet as part of our Sales team.,Account Executive New Business France,https://stripe.com/jobs/listing/account-executive-new-business-france/7242090,Dublin HQ,2026-03-20,Unknown,€133 300 - €199 900.
Stripe,Administrative,Intern,Not specified,Help increase the GDP of the internet as part of our Administrative team.,Administrative Coordinator,https://stripe.com/jobs/listing/administrative-coordinator/7434713,Mexico City,2026-03-20,Unknown,Not specified
Stripe,Security,Intern,Not specified,Help increase the GDP of the internet as part of our Security team.,Backend / API Engineer Privacy Products,https://stripe.com/jobs/listing/backend-api-engineer-privacy-products/7579264,Seattle or South San Francisco HQ,2026-03-20,Unknown,$190 400 - $285 600.
Stripe,Legal,Intern,Not specified,Help increase the GDP of the internet as part of our Legal team.,Affiliate Services Licensing Specialist Regulatory Affairs (NORAM),https://stripe.com/jobs/listing/affiliate-services-licensing-specialist-regulatory-affairs-noram/7695357,New York,2026-03-20,Unknown,$158 400 - $237 600.
Stripe,Terminal,Intern,Not specified,Help increase the GDP of the internet as part of our Terminal team.,Android Engineer Terminal,https://stripe.com/jobs/listing/android-engineer-terminal/7543559,Toronto,2026-03-20,Unknown,$135 200
Stripe,Data Platform,Intern,Not specified,Help increase the GDP of the internet as part of our Data Platform team.,Backend Engineer Data,https://stripe.com/jobs/listing/backend-engineer-data/6865161,Toronto,2026-03-20,Unknown,$135 200
Stripe,Sales,Intern,Not specified,Help increase the GDP of the internet as part of our Sales team.,Account Executive SMB - Existing Business,https://stripe.com/jobs/listing/account-executive-smb-existing-business/7140002,Dublin HQ,2026-03-20,Unknown,€133 300 - €199 900.
Stripe,Sales,Full-time,Not specified,Help increase the GDP of the internet as part of our Sales team.,Account Executive - Enterprise Germany,https://stripe.com/jobs/listing/account-executive-enterprise-germany/7539429,Berlin,2026-03-20,Unknown,€200 000 - €300 000.
Stripe,Sales,Intern,Not specified,Help increase the GDP of the internet as part of our Sales team.,Account Executive Platforms - Strategics,https://stripe.com/jobs/listing/account-executive-platforms-strategics/7604080,New York or South San Francisco HQ,2026-03-20,Unknown,$312 000 - $468 000.
Stripe,Revenue & Financial Automation,Intern,Not specified,Help increase the GDP of the internet as part of our Revenue & Financial Automation team.,Backend Engineer Forward Deployed Engineering,https://stripe.com/jobs/listing/backend-engineer-forward-deployed-engineering/7249744,Toronto,2026-03-20,Unknown,$135 200
Stripe,Sales,Intern,Not specified,Help increase the GDP of the internet as part of our Sales team.,Account Executive (Hunter) UK Enterprise Retail,https://stripe.com/jobs/listing/account-executive-hunter-uk-enterprise-retail/7451366,London,2026-03-20,Unknown,£165 000 - £247 400.
Stripe,Sales,Intern,Not specified,Help increase the GDP of the internet as part of our Sales team.,Account Executive Iberia,https://stripe.com/jobs/listing/account-executive-iberia/7394627,Madrid,2026-03-20,Unknown,€114 200 - €210 500.
Stripe,Sales,Intern,Not specified,Help increase the GDP of the internet as part of our Sales team.,Account Executive Enterprise - Nordics,https://stripe.com/jobs/listing/account-executive-enterprise-nordics/7599457,Remote in Sweden,2026-03-20,Unknown,Not specified
Stripe,Sales,Intern,Not specified,Help increase the GDP of the internet as part of our Sales team.,Account Executive - Funded Startups - French,https://stripe.com/jobs/listing/account-executive-funded-startups-french/7686224,Dublin HQ,2026-03-20,Unknown,€112 000 - €168 000.
Stripe,Sales,Intern,Not specified,Help increase the GDP of the internet as part of our Sales team.,Account Executive CEE - Existing Business,https://stripe.com/jobs/listing/account-executive-cee-existing-business/7429465,Dublin HQ,2026-03-20,Unknown,€133 300 - €199 900.
Stripe,Sales,Contract,Not specified,Help increase the GDP of the internet as part of our Sales team.,Account Executive Velocity Grower (Japanese-speaking),https://stripe.com/jobs/listing/account-executive-velocity-grower-japanese-speaking/7364278,Tokyo,2026-03-20,Unknown,¥13 869 600 - ¥20 804 400.
Stripe,Sales,Intern,Not specified,Help increase the GDP of the internet as part of our Sales team.,Account Executive AI Sales,https://stripe.com/jobs/listing/account-executive-ai-sales/7546284,South San Francisco HQ,2026-03-20,Unknown,$262 900 - $394 300.
Stripe,Infrastructure & Corporate Tech,Intern,Not specified,Help increase the GDP of the internet as part of our Infrastructure & Corporate Tech team.,Backend Engineer Core Technology,https://stripe.com/jobs/listing/backend-engineer-core-technology/6042172,New York South San Francisco HQ or Seattle,2026-03-20,Unknown,$173 000 - $259 600.
Stripe,Sales,Intern,Not specified,Help increase the GDP of the internet as part of our Sales team.,Account Executive Enterprise (Hunter),https://stripe.com/jobs/listing/account-executive-enterprise-hunter/7458833,Paris,2026-03-20,Unknown,€193 400 - €290 000.
Stripe,Sales,Intern,Not specified,Help increase the GDP of the internet as part of our Sales team.,Account Executive Existing Business Iberia,https://stripe.com/jobs/listing/account-executive-existing-business-iberia/7553751,Dublin HQ,2026-03-20,Unknown,€133 300 - €199 900.
Stripe,Sales,Intern,Not specified,Help increase the GDP of the internet as part of our Sales team.,Account Executive Product Sales Billing,https://stripe.com/jobs/listing/account-executive-product-sales-billing/7393167,Seattle,2026-03-20,Unknown,$262 900 - $394 300.
Stripe,Controllership,Intern,Not specified,Help increase the GDP of the internet as part of our Controllership team.,AI Solutions Developer Finance,https://stripe.com/jobs/listing/ai-solutions-developer-finance/7646513,Bengaluru,2026-03-20,Unknown,Not specified
Stripe,Terminal,Intern,Not specified,Help increase the GDP of the internet as part of our Terminal team.,Android Engineer Terminal Developer Productivity,https://stripe.com/jobs/listing/android-engineer-terminal-developer-productivity/7550154,Seattle or South San Francisco HQ,2026-03-20,Unknown,$190 400 - $285 600.
Stripe,Infrastructure & Corporate Tech,Intern,Not specified,Help increase the GDP of the internet as part of our Infrastructure & Corporate Tech team.,AV Builds and Operations,https://stripe.com/jobs/listing/av-builds-and-operations/7555995,Bengaluru,2026-03-20,Unknown,Not specified
Stripe,Sales,Intern,Not specified,Help increase the GDP of the internet as part of our Sales team.,Account Executive Platforms (Existing Business),https://stripe.com/jobs/listing/account-executive-platforms-existing-business/7576967,Chicago South San Francisco HQ or New York,2026-03-20,Unknown,$283 600 - $425 400.
Stripe,Revenue & Financial Automation,Contract,Not specified,Help increase the GDP of the internet as part of our Revenue & Financial Automation team.,Backend Engineer Billing/Tax,https://stripe.com/jobs/listing/backend-engineer-billing-tax/7217048,Toronto,2026-03-20,Unknown,$135 200
Stripe,Terminal,Intern,Not specified,Help increase the GDP of the internet as part of our Terminal team.,Android Engineer Terminal OS Platform,https://stripe.com/jobs/listing/android-engineer-terminal-os-platform/7557403,Seattle or South San Francisco HQ,2026-03-20,Unknown,$190 400 - $285 600.
Stripe,Marketing,Intern,Not specified,Help increase the GDP of the internet as part of our Marketing team.,AMER Partner Marketing Lead,https://stripe.com/jobs/listing/amer-partner-marketing-lead/7605231,Remote in United States,2026-03-20,Unknown,$143 400 - $215 200.
Stripe,Infrastructure & Corporate Tech,Intern,Not specified,Help increase the GDP of the internet as part of our Infrastructure & Corporate Tech team.,Backend Engineer Core Tech Canada,https://stripe.com/jobs/listing/backend-engineer-core-tech-canada/6567253,Toronto,2026-03-20,Unknown,$135 200
Stripe,Sales,Intern,Not specified,Help increase the GDP of the internet as part of our Sales team.,Account Executive Product - BNPLs,https://stripe.com/jobs/listing/account-executive-product-bnpls/7675661,Remote in United States,2026-03-20,Unknown,$262 900 - $394 300.
Stripe,Go-to-Market,Intern,Not specified,Help increase the GDP of the internet as part of our Go-to-Market team.,Account Manager - Scale Bridge,https://stripe.com/jobs/listing/account-manager-scale-bridge/7545600,New York or San Francisco Bridge HQ,2026-03-20,Unknown,$262 900 - $394 300.
Stripe,Controllership,Contract,Not specified,Help increase the GDP of the internet as part of our Controllership team.,Accounts Receivable Analyst,https://stripe.com/jobs/listing/accounts-receivable-analyst/7369428,Bengaluru,2026-03-20,Unknown,Not specified
Stripe,Unknown,Intern,Not specified,We’re creating opportunities for entrepreneurs and enterprises to build products implement new business models and grow globally. And we want you to help.,Stripe: Jobs University,https://stripe.com/jobs/university,will be listed on our jobs page as they become available,2026-03-20,Unknown,Not specified
Stripe,Unknown,Intern,Not specified,We support your success with comprehensive benefits and learning opportunities. Join us in building a welcoming culture for global impact.,Benefits - Stripe,https://stripe.com/jobs/benefits,before,2026-03-20,Unknown,Not specified
Stripe,Administrative,Intern,Not specified,Help increase the GDP of the internet as part of our Administrative team.,Administrative Business Partner,https://stripe.com/jobs/listing/administrative-business-partner/7680368,South San Francisco HQ,2026-03-20,Unknown,$173 600 - $260 400.
Stripe,Sales,Intern,Not specified,Help increase the GDP of the internet as part of our Sales team.,Account Executive Product Sales (Terminal),https://stripe.com/jobs/listing/account-executive-product-sales-terminal/7528849,Dublin HQ,2026-03-20,Unknown,$15
Stripe,Sales,Contract,Not specified,Help increase the GDP of the internet as part of our Sales team.,Account Executive Platforms (Grower),https://stripe.com/jobs/listing/account-executive-platforms-grower/7446841,Paris,2026-03-20,Unknown,€153 800 - €230 600.
Stripe,Sales,Intern,Not specified,Help increase the GDP of the internet as part of our Sales team.,Account Executive Enterprise - Billing (Existing Business),https://stripe.com/jobs/listing/account-executive-enterprise-billing-existing-business/7490597,Dublin HQ or London,2026-03-20,Unknown,$100
Stripe,Sales,Intern,Not specified,Help increase the GDP of the internet as part of our Sales team.,Account Executive AI Sales,https://stripe.com/jobs/listing/account-executive-ai-sales/7532733,South San Francisco HQ,2026-03-20,Unknown,$375 800 - $563 600.
Stripe,Sales,Intern,Not specified,Help increase the GDP of the internet as part of our Sales team.,Account Executive Product Sales - Capital,https://stripe.com/jobs/listing/account-executive-product-sales-capital/7728365,New York South San Francisco HQ Seattle or Chicago,2026-03-20,Unknown,$262 900 - $394 300.
Stripe,Sales,Intern,Not specified,Help increase the GDP of the internet as part of our Sales team.,Account Executive Product Sales Billing,https://stripe.com/jobs/listing/account-executive-product-sales-billing/7393169,South San Francisco HQ Atlanta New York Seattle or Chicago,2026-03-20,Unknown,$262 900 - $394 300.
Stripe,Infrastructure & Corporate Tech,Intern,Not specified,Help increase the GDP of the internet as part of our Infrastructure & Corporate Tech team.,AV Builds and Operations,https://stripe.com/jobs/listing/av-builds-and-operations/7675097,New York,2026-03-20,Unknown,$133 900 - $200 900.
Stripe,Sales,Intern,Not specified,Help increase the GDP of the internet as part of our Sales team.,Account Executive Platforms (Grower),https://stripe.com/jobs/listing/account-executive-platforms-grower/7577015,South San Francisco HQ,2026-03-20,Unknown,$262 900 - $394 300.
Stripe,Sales,Intern,Not specified,Help increase the GDP of the internet as part of our Sales team.,Account Executive Product Sales (BaaS),https://stripe.com/jobs/listing/account-executive-product-sales-baas/7456716,Remote in United States,2026-03-20,Unknown,$239 000 - $358 400.
Stripe,Sales,Intern,Not specified,Help increase the GDP of the internet as part of our Sales team.,Account Executive SMB AUNZ,https://stripe.com/jobs/listing/account-executive-smb-aunz/7382687,Sydney or Melbourne,2026-03-20,Unknown,$182 200
Stripe,Sales,Contract,Not specified,Help increase the GDP of the internet as part of our Sales team.,Account Executive Startup SaaS Platforms - Existing Business,https://stripe.com/jobs/listing/account-executive-startup-saas-platforms-existing-business/7451383,Dublin HQ,2026-03-20,Unknown,€133 300 - €199 900.
Stripe,Sales,Intern,Not specified,Help increase the GDP of the internet as part of our Sales team.,Account Executive Product Sales Optimized Checkout,https://stripe.com/jobs/listing/account-executive-product-sales-optimized-checkout/7455982,Remote in United States,2026-03-20,Unknown,$239 000 - $358 400.
Stripe,Payments,Intern,Not specified,Help increase the GDP of the internet as part of our Payments team.,APAC Product Lead,https://stripe.com/jobs/listing/apac-product-lead/7552145,Singapore,2026-03-20,Unknown,$300 000
Stripe,Sales,Intern,Not specified,Help increase the GDP of the internet as part of our Sales team.,Account Executive SMB - Existing Business (French-speaking),https://stripe.com/jobs/listing/account-executive-smb-existing-business-french-speaking/7555127,Dublin HQ,2026-03-20,Unknown,€112 000 - €168 000.
Stripe,Unknown,Intern,Not specified,Stripe is for the versatile the supportive the impatient and most of all the obsessively user focused. Learn more about life at Stripe—our culture our people and our principles.,Stripe: Life at Stripe,https://stripe.com/jobs/life-at-stripe,before,2026-03-20,Unknown,Not specified
Stripe,Sales,Intern,Not specified,Help increase the GDP of the internet as part of our Sales team.,Account Executive Enterprise (Hunter) Japan,https://stripe.com/jobs/listing/account-executive-enterprise-hunter-japan/7528816,Tokyo,2026-03-20,Unknown,¥17 200 000 - ¥25 800 000.
Stripe,Sales,Intern,Not specified,Help increase the GDP of the internet as part of our Sales team.,Account Executive Product - BNPLs,https://stripe.com/jobs/listing/account-executive-product-bnpls/7536063,Dublin HQ or London,2026-03-20,Unknown,€120 000 - €180 000.
Stripe,Go-to-Market,Intern,Not specified,Help increase the GDP of the internet as part of our Go-to-Market team.,Account Executive Bridge,https://stripe.com/jobs/listing/account-executive-bridge/7547809,San Francisco Bridge HQ,2026-03-20,Unknown,$239 000 - $358 400.
Stripe,Sales,Intern,Not specified,Help increase the GDP of the internet as part of our Sales team.,Account Executive Enterprise (Existing Business),https://stripe.com/jobs/listing/account-executive-enterprise-existing-business/6755272,South San Francisco HQ,2026-03-20,Unknown,$312 000 - $468 000.
Stripe,Unknown,Intern,Not specified,We operate at significant scale but we’re tiny relative to the opportunity ahead. Want to join us? See what career opportunities are available across our global teams.,Stripe Jobs,https://stripe.com/jobs/search,United States,2026-03-20,Unknown,Not specified
Stripe,Payments,Intern,Not specified,Help increase the GDP of the internet as part of our Payments team.,AI/ML Engineering Manager Payment Intelligence,https://stripe.com/jobs/listing/ai-ml-engineering-manager-payment-intelligence/7286376,Seattle,2026-03-20,Unknown,$1.4
